INSERT INTO user_roles(id,user_role)
VALUES (1,'ADMIN'),(2,'USER');

INSERT INTO users (id, email, first_name, last_name, image_url, is_active, password,telephone)
VALUES (1, 'chubaka_ltd@abv.bg', 'Ivo', 'Raynov', null, 1,
        '6c480077ad5550c6a8cfa25aaef72c6b4823da1e3d0108ce3890cea62c413737206eab0eb8dbf9fc', '0888000000'),
       (2, 'gosho@mail.com', 'Gosho', 'Georgiev', null, 1,
        '6c480077ad5550c6a8cfa25aaef72c6b4823da1e3d0108ce3890cea62c413737206eab0eb8dbf9fc', '0888000001');

INSERT INTO users_user_roles(user_entity_id,user_roles_id)
VALUES (1,1),
       (1,2),
       (2,2);

INSERT INTO species (id, name)
VALUES (1, 'Cat'),(2, 'Dog'),( 3,'Donkey'),(4,'Goat'),(5 ,'Chicken'),(6 ,'Sheep'),(7,'Pig'),
       (8 ,'Rabbit'),(9 ,'Duck'),(10 ,'Goose'),(11,'Turkey'),(12,'Llama'),(13,'Deer'),(14,'Alpaca'),
       (15,'Buffalo') ,(16,'Parrot'),(17,'Dove'),(18,'Mule'),(19,'Yak'),(20,'Zebu'),(21,'Elk'),(22,'Swan'),
       (23,'Dromedary'),(24,'Guineafowl'),(25,'Bison'),(26,'Gayal'),(27,'Canary'),(28,'Finch'),(29,'Mink'),(30,'Ox'),
       (31,'Cow'),(32,'Horse');

INSERT INTO models (id, name,specie_id, image_url)
VALUES (1, 'Persian', 1,
        'https://upload.wikimedia.org/wikipedia/commons/thumb/1/15/White_Persian_Cat.jpg/330px-White_Persian_Cat.jpg'),
       (2, 'Maine Coon', 1,
        'https://upload.wikimedia.org/wikipedia/commons/5/57/Maine_Coon_male_NO_Sigdalskauen_Balder.jpg'),
       (3, 'British Shorthair', 1,
        'https://upload.wikimedia.org/wikipedia/commons/thumb/e/e1/British_blue_2009_%28cropped%29.jpg/1200px-British_blue_2009_%28cropped%29.jpg'),
       (4, 'Bengal', 1,
        'https://upload.wikimedia.org/wikipedia/commons/b/ba/Paintedcats_Red_Star_standing.jpg'),
       (5, 'Sphynx', 1,
        'https://upload.wikimedia.org/wikipedia/commons/thumb/e/e8/Sphinx2_July_2006.jpg/330px-Sphinx2_July_2006.jpg'),
       (6, 'Munchkin', 1,
        'https://upload.wikimedia.org/wikipedia/commons/thumb/6/6e/Longhairedmunchkin.jpg/330px-Longhairedmunchkin.jpg'),
       (7, 'Savannah', 1,
        'https://upload.wikimedia.org/wikipedia/commons/thumb/c/c4/Savannah_Cat_portrait.jpg/330px-Savannah_Cat_portrait.jpg'),
       (8, 'Bombay', 1,
        'https://upload.wikimedia.org/wikipedia/commons/thumb/2/23/Close_up_of_a_black_domestic_cat.jpg/330px-Close_up_of_a_black_domestic_cat.jpg'),
       (9, 'Abyssinian', 1,
        'https://upload.wikimedia.org/wikipedia/commons/thumb/9/9b/Gustav_chocolate.jpg/330px-Gustav_chocolate.jpg'),
       (10, 'Somali', 1,
        'https://upload.wikimedia.org/wikipedia/commons/thumb/e/e9/Cat_Somali.jpg/330px-Cat_Somali.jpg'),
       (11, 'Beagle', 2,
        'https://upload.wikimedia.org/wikipedia/commons/thumb/5/55/Beagle_600.jpg/330px-Beagle_600.jpg'),
       (12, 'Australian Cattle Dog', 2,
        'https://upload.wikimedia.org/wikipedia/commons/thumb/c/cc/ACD-blue-spud.jpg/330px-ACD-blue-spud.jpg'),
       (13, 'Chihuahua', 2,
        'https://upload.wikimedia.org/wikipedia/commons/thumb/4/4c/Chihuahua1_bvdb.jpg/330px-Chihuahua1_bvdb.jpg'),
       (14, 'Greyhound', 2,
        'https://upload.wikimedia.org/wikipedia/commons/thumb/b/bc/Blue_greyhound.JPG/330px-Blue_greyhound.JPG'),
       (15, 'Poodle', 2,
        'https://upload.wikimedia.org/wikipedia/commons/thumb/f/f8/Full_attention_%288067543690%29.jpg/330px-Full_attention_%288067543690%29.jpg'),
       (16, 'Havanese', 2,
        'https://upload.wikimedia.org/wikipedia/commons/thumb/e/ed/A_Havanese_judging.jpg/330px-A_Havanese_judging.jpg'),
       (17, 'Siberian Husky', 2,
        'https://upload.wikimedia.org/wikipedia/commons/thumb/8/8b/Husky_L.jpg/330px-Husky_L.jpg'),
       (18, 'Basenji', 2,
        'https://upload.wikimedia.org/wikipedia/commons/thumb/c/c5/Basenji_Profile_%28loosercrop%29.jpg/330px-Basenji_Profile_%28loosercrop%29.jpg'),
       (19, 'Border Collie', 2,
        'https://upload.wikimedia.org/wikipedia/commons/thumb/e/e4/Border_Collie_600.jpg/330px-Border_Collie_600.jpg'),
       (20, 'German Shepherd', 2,
        'https://upload.wikimedia.org/wikipedia/commons/thumb/d/d0/German_Shepherd_-_DSC_0346_%2810096362833%29.jpg/330px-German_Shepherd_-_DSC_0346_%2810096362833%29.jpg'),
       (21, 'Guernsey', 31,
        'https://upload.wikimedia.org/wikipedia/commons/thumb/0/0c/Cow_female_black_white.jpg/360px-Cow_female_black_white.jpg'),
       (22, 'Jersey', 31, 'https://upload.wikimedia.org/wikipedia/commons/thumb/0/0c/Cow_female_black_white.jpg/360px-Cow_female_black_white.jpg'),
       (23, 'Pinto', 32,
        'https://upload.wikimedia.org/wikipedia/commons/thumb/3/38/Horse_at_Ocracoke_Pony_Pen_by_Bonnie_Gruenberg.jpg/1024px-Horse_at_Ocracoke_Pony_Pen_by_Bonnie_Gruenberg.jpg');

    INSERT INTO offers (id, description, animal_type, image_url, price, sell_or_buy, year, model_id, seller_id)
    VALUES ('5ebdd23e-7bf3-4166-ab67-98242b871f6a', 'Много послушна крава, яде всичко, и слуша Вивалди.', 'DOMESTIC',
            'https://upload.wikimedia.org/wikipedia/commons/thumb/0/0c/Cow_female_black_white.jpg/360px-Cow_female_black_white.jpg',
             2600, 'SELL', 2005, 22, 2),
           ('5ebdd23e-7bf3-4166-ab67-98242b871f6b', 'Това е крава, яде трева, и после дава краве мляко.', 'DOMESTIC',
            'https://upload.wikimedia.org/wikipedia/commons/thumb/0/0c/Cow_female_black_white.jpg/360px-Cow_female_black_white.jpg',
             2601, 'SELL', 2005, 22, 1),
           ('5ebdd23e-7bf3-4166-ab67-98242b871f6c', 'Луда крава мисли се за куче, и мяука като котка от време на време', 'DOMESTIC',
            'https://upload.wikimedia.org/wikipedia/commons/thumb/3/38/Horse_at_Ocracoke_Pony_Pen_by_Bonnie_Gruenberg.jpg/1024px-Horse_at_Ocracoke_Pony_Pen_by_Bonnie_Gruenberg.jpg',
             2602, 'SELL', 2005, 22, 1),
           ('5ebdd23e-7bf3-4166-ab67-98242b871f6d', 'Това е крава, яде трева, и после дава краве мляко.', 'DOMESTIC',
            'https://upload.wikimedia.org/wikipedia/commons/thumb/0/0c/Cow_female_black_white.jpg/360px-Cow_female_black_white.jpg',
             2603, 'SELL', 2005, 1, 1),
           ('5ebdd23e-7bf3-4166-ab67-98242b871f6e', 'Това е крава, яде трева, и после дава краве мляко.', 'DOMESTIC',
            'https://upload.wikimedia.org/wikipedia/commons/thumb/0/0c/Cow_female_black_white.jpg/360px-Cow_female_black_white.jpg',
             2604, 'SELL', 2005, 1, 1),
           ('5ebdd23e-7bf3-4166-ab67-98242b871f6f', 'Това е крава, яде трева, и после дава краве мляко.', 'DOMESTIC',
            'https://upload.wikimedia.org/wikipedia/commons/thumb/0/0c/Cow_female_black_white.jpg/360px-Cow_female_black_white.jpg',
             2605, 'SELL', 2005, 1, 1),
           ('5ebdd23e-7bf3-4166-ab67-98242b871f61', 'Това е крава, яде трева, и после дава краве мляко.', 'DOMESTIC',
            'https://upload.wikimedia.org/wikipedia/commons/thumb/0/0c/Cow_female_black_white.jpg/360px-Cow_female_black_white.jpg',
             2606, 'SELL', 2005, 1, 1),
           ('5ebdd23e-7bf3-4166-ab67-98242b871f62', 'Това е крава, яде трева, и после дава краве мляко.', 'DOMESTIC',
            'https://upload.wikimedia.org/wikipedia/commons/thumb/0/0c/Cow_female_black_white.jpg/360px-Cow_female_black_white.jpg',
             2607, 'SELL', 2005, 1, 1),
           ('5ebdd23e-7bf3-4166-ab67-98242b871f63', 'Това е крава, яде трева, и после дава краве мляко.', 'DOMESTIC',
            'https://upload.wikimedia.org/wikipedia/commons/thumb/0/0c/Cow_female_black_white.jpg/360px-Cow_female_black_white.jpg',
             2608, 'SELL', 2005, 1, 1),
           ('5ebdd23e-7bf3-4166-ab67-98242b871f64', 'Това е крава, яде трева, и после дава краве мляко.', 'DOMESTIC',
            'https://upload.wikimedia.org/wikipedia/commons/thumb/0/0c/Cow_female_black_white.jpg/360px-Cow_female_black_white.jpg',
             2609, 'SELL', 2005, 1, 1),
           ('5ebdd23e-7bf3-4166-ab67-98242b871f60', 'Това е крава, яде трева, и после дава краве мляко.', 'DOMESTIC',
            'https://upload.wikimedia.org/wikipedia/commons/thumb/0/0c/Cow_female_black_white.jpg/360px-Cow_female_black_white.jpg',
             2610, 'SELL', 2005, 1, 1),
           ('5ebdd23e-7bf3-4166-ab67-98242b871f65', 'Това е крава, яде трева, и после дава краве мляко.', 'DOMESTIC',
            'https://upload.wikimedia.org/wikipedia/commons/thumb/0/0c/Cow_female_black_white.jpg/360px-Cow_female_black_white.jpg',
             2611, 'SELL', 2005, 1, 1),
           ('5ebdd23e-7bf3-4166-ab67-98242b871f66', 'Това е крава, яде трева, и после дава краве мляко..', 'DOMESTIC',
            'https://upload.wikimedia.org/wikipedia/commons/thumb/0/0c/Cow_female_black_white.jpg/360px-Cow_female_black_white.jpg',
             2612, 'SELL', 2005, 1, 1);


